{
  "faithfulness": 0.9,
  "answer_relevancy": 0.7406036889690643,
  "context_precision": 0.8972222221886805,
  "context_recall": 1.0,
  "errors": []
}